联系人,Unnamed: 1,"联系电话
（手机）",Unnamed: 3,Unnamed: 4,Unnamed: 5,"活动时
间",Unnamed: 7
,,（个人，B 级，优秀奖）,,,,,
,07031,,19,,,,
,,（团体，B 级，特等奖，第一名成员）,,,,,
,07032,,18,,,,
,,（团体，B 级，一等奖，第一名成员）,,,,,
,07033,,16,,,,
,,（团体，B 级，二等奖，第一名成员）,,,,,
,07034,,14,,,,
,,（团体，B 级，三等奖，第一名成员）,,,,,
,07035,,7,,,,
,,（团体，B 级，优秀奖，第一名成员）,,,,,
,07036,,17.1,,,,
,,（团体，B 级，特等奖，第二名成员）,,,,,
,07037,,16.2,,,,
,,（团体，B 级，一等奖，第二名成员）,,,,,
考核,代码,具体指标,分值,,,,
,,获得专业类国家级荣誉的学生,,,,,
,07038,,14.4,,,,
,,（团体，B 级，二等奖，第二名成员）,,,,,
,07039,,12.6,,,,
,,（团体，B 级，三等奖，第二名成员）,,,,,
,07040,,6.3,,,,
,,（团体，B 级，优秀奖，第二名成员）,,,,,
,07041,,15.2,,,,
,,（团体，B 级，特等奖，第三名成员）,,,,,
,07042,,14.4,,,,
,,（团体，B 级，一等奖，第三名成员）,,,,,
,07043,,12.8,,,,
,,（团体，B 级，二等奖，第三名成员）,,,,,
,07044,,11.2,,,,
,,（团体，B 级，三等奖，第三名成员）,,,,,
,07045,,5.6,,,,
,,（团体，B 级，优秀奖，第三名成员）,,,,,
,07046,,9.5,,,,
,,（团体，B 级，特等奖，其他成员）,,,,,
,07047,,9,,,,
,,（团体，B 级，一等奖，其他成员）,,,,,
,07048,,8,,,,
,,（团体，B 级，二等奖，其他成员）,,,,,
,07049,,7,,,,
,,（团体，B 级，三等奖，其他成员）,,,,,
,07050,,3.5,,,,
,,（团体，B 级，优秀奖，其他成员）,,,,,
,07051,,18,,,,
,,（个人，C 级，特等奖）,,,,,
,07052,,17,,,,
,,（个人，C 级，一等奖）,,,,,
,07053,,15,,,,
,,（个人，C 级，二等奖）,,,,,
,07054,,13,,,,
,,（个人，C 级，三等奖）,,,,,
考核,代码,具体指标,分值,,,,
,,获得专业类国家级荣誉的学生,,,,,
,07055,,6.5,,,,
,,（个人，C 级，优秀奖）,,,,,
,07056,,18,,,,
,,（团体，C 级，特等奖，第一名成员）,,,,,
,07057,,17,,,,
,,（团体，C 级，一等奖，第一名成员）,,,,,
,07058,,15,,,,
,,（团体，C 级，二等奖，第一名成员）,,,,,
,07059,,13,,,,
,,（团体，C 级，三等奖，第一名成员）,,,,,
,07060,,6.5,,,,
,,（团体，C 级，优秀奖，第一名成员）,,,,,
,07061,,16.2,,,,
,,（团体，C 级，特等奖，第二名成员）,,,,,
,07062,,15.3,,,,
,,（团体，C 级，一等奖，第二名成员）,,,,,
,07063,,13.5,,,,
,,（团体，C 级，二等奖，第二名成员）,,,,,
,07064,,11.7,,,,
,,（团体，C 级，三等奖，第二名成员）,,,,,
,07065,,5.85,,,,
,,（团体，C 级，优秀奖，第二名成员）,,,,,
,07066,,14.4,,,,
,,（团体，C 级，特等奖，第三名成员）,,,,,
,07067,,13.6,,,,
,,（团体，C 级，一等奖，第三名成员）,,,,,
,07068,,12,,,,
,,（团体，C 级，二等奖，第三名成员）,,,,,
,07069,,10.4,,,,
,,（团体，C 级，三等奖，第三名成员）,,,,,
,07070,,5.2,,,,
,,（团体，C 级，优秀奖，第三名成员）,,,,,
,07071,,9,,,,
,,（团体，C 级，特等奖，其他成员）,,,,,
考核,代码,具体指标,分值,,,,
,,获得专业类国家级荣誉的学生,,,,,
,07072,,8.5,,,,
,,（团体，C 级，一等奖，其他成员）,,,,,
,07073,,7.5,,,,
,,（团体，C 级，二等奖，其他成员）,,,,,
,07074,,6.5,,,,
,,（团体，C 级，三等奖，其他成员）,,,,,
,07075,,3.25,,,,
,,（团体，C 级，优秀奖，其他成员）,,,,,
,07076,,17,,,,
,,（个人，D 级，特等奖）,,,,,
,07077,,16,,,,
,,（个人，D 级，一等奖）,,,,,
,07078,,14,,,,
,,（个人，D 级，二等奖）,,,,,
,07079,,12,,,,
,,（个人，D 级，三等奖）,,,,,
,07080,,6,,,,
,,（个人，D 级，优秀奖）,,,,,
,07081,,17,,,,
,,（团体，D 级，特等奖，第一名成员）,,,,,
,07082,,16,,,,
,,（团体，D 级，一等奖，第一名成员）,,,,,
,07083,,14,,,,
,,（团体，D 级，二等奖，第一名成员）,,,,,
,07084,,12,,,,
,,（团体，D 级，三等奖，第一名成员）,,,,,
,07085,,6,,,,
,,（团体，D 级，优秀奖，第一名成员）,,,,,
,07086,,15.3,,,,
,,（团体，D 级，特等奖，第二名成员）,,,,,
,07087,,14.4,,,,
,,（团体，D 级，一等奖，第二名成员）,,,,,
,07088,,12.6,,,,
,,（团体，D 级，二等奖，第二名成员）,,,,,
考核,代码,具体指标,分值,,,,
,,获得专业类国家级荣誉的学生,,,,,
,07089,,10.8,,,,
,,（团体，D 级，三等奖，第二名成员）,,,,,
,07090,,5.4,,,,
,,（团体，D 级，优秀奖，第二名成员）,,,,,
,07091,,13.6,,,,
,,（团体，D 级，特等奖，第三名成员）,,,,,
,07092,,12.8,,,,
,,（团体，D 级，一等奖，第三名成员）,,,,,
,07093,,11.2,,,,
,,（团体，D 级，二等奖，第三名成员）,,,,,
,07094,,9.6,,,,
,,（团体，D 级，三等奖，第三名成员）,,,,,
,07095,,4.8,,,,
,,（团体，D 级，优秀奖，第三名成员）,,,,,
,07096,,8.5,,,,
,,（团体，D 级，特等奖，其他成员）,,,,,
,07097,,8,,,,
,,（团体，D 级，一等奖，其他成员）,,,,,
,07098,,7,,,,
,,（团体，D 级，二等奖，其他成员）,,,,,
,07099,,6,,,,
,,（团体，D 级，三等奖，其他成员）,,,,,
,07100,,3,,,,
,,（团体，D 级，优秀奖，其他成员）,,,,,
,,获得专业类省部级荣誉的学生,,,,,
,07101,,16,,,,
,,（个人，A 级，特等奖）,,,,,
,07102,,15,,,,
,,（个人，A 级，一等奖）,,,,,
,07103,,13,,,,
,,（个人，A 级，二等奖）,,,,,
,07104,,11,,,,
,,（个人，A 级，三等奖）,,,,,
,07105,,5.5,,,,
,,（个人，A 级，优秀奖）,,,,,
考核,代码,具体指标,分值,,,,
,,获得专业类省部级荣誉的学生,,,,,
,07106,,16,,,,
,,（团体，A 级，特等奖，第一名成员）,,,,,
,07107,,15,,,,
,,（团体，A 级，一等奖，第一名成员）,,,,,
,07108,,13,,,,
,,（团体，A 级，二等奖，第一名成员）,,,,,
,07109,,11,,,,
,,（团体，A 级，三等奖，第一名成员）,,,,,
,07110,,5.5,,,,
,,（团体，A 级，优秀奖，第一名成员）,,,,,
,07111,,14.4,,,,
,,（团体，A 级，特等奖，第二名成员）,,,,,
,07112,,13.5,,,,
,,（团体，A 级，一等奖，第二名成员）,,,,,
,07113,,11.7,,,,
,,（团体，A 级，二等奖，第二名成员）,,,,,
,07114,,9.9,,,,
,,（团体，A 级，三等奖，第二名成员）,,,,,
,07115,,4.95,,,,
,,（团体，A 级，优秀奖，第二名成员）,,,,,
,07116,,12.8,,,,
,,（团体，A 级，特等奖，第三名成员）,,,,,
,07117,,12,,,,
,,（团体，A 级，一等奖，第三名成员）,,,,,
,07118,,10.4,,,,
,,（团体，A 级，二等奖，第三名成员）,,,,,
,07119,,8.8,,,,
,,（团体，A 级，三等奖，第三名成员）,,,,,
,07120,,4.4,,,,
,,（团体，A 级，优秀奖，第三名成员）,,,,,
,07121,,8,,,,
,,（团体，A 级，特等奖，其他成员）,,,,,
,07122,,7.5,,,,
,,（团体，A 级，一等奖，其他成员）,,,,,
,07123,,6.5,,,,
,,（团体，A 级，二等奖，其他成员）,,,,,
考核,代码,具体指标,分值,,,,
,,获得专业类省部级荣誉的学生,,,,,
,07124,,5.5,,,,
,,（团体，A 级，三等奖，其他成员）,,,,,
,07125,,2.75,,,,
,,（团体，A 级，优秀奖，其他成员）,,,,,
,07126,,15,,,,
,,（个人，B 级，特等奖）,,,,,
,07127,,14,,,,
,,（个人，B 级，一等奖）,,,,,
,07128,,12,,,,
,,（个人，B 级，二等奖）,,,,,
,07129,,10,,,,
,,（个人，B 级，三等奖）,,,,,
,07130,,5,,,,
,,（个人，B 级，优秀奖）,,,,,
,07131,,15,,,,
,,（团体，B 级，特等奖，第一名成员）,,,,,
,07132,,14,,,,
,,（团体，B 级，一等奖，第一名成员）,,,,,
,07133,,12,,,,
,,（团体，B 级，二等奖，第一名成员）,,,,,
,07134,,10,,,,
,,（团体，B 级，三等奖，第一名成员）,,,,,
,07135,,5,,,,
,,（团体，B 级，优秀奖，第一名成员）,,,,,
,07136,,13.5,,,,
,,（团体，B 级，特等奖，第二名成员）,,,,,
,07137,,12.6,,,,
,,（团体，B 级，一等奖，第二名成员）,,,,,
,07138,,10.8,,,,
,,（团体，B 级，二等奖，第二名成员）,,,,,
,07139,,9,,,,
,,（团体，B 级，三等奖，第二名成员）,,,,,
,07140,,4.5,,,,
,,（团体，B 级，优秀奖，第二名成员）,,,,,
,07141,,12,,,,
,,（团体，B 级，特等奖，第三名成员）,,,,,
考核,代码,具体指标,分值,,,,
,,获得专业类省部级荣誉的学生,,,,,
,07142,,11.2,,,,
,,（团体，B 级，一等奖，第三名成员）,,,,,
,07143,,9.6,,,,
,,（团体，B 级，二等奖，第三名成员）,,,,,
,07144,,8,,,,
,,（团体，B 级，三等奖，第三名成员）,,,,,
,07145,,4,,,,
,,（团体，B 级，优秀奖，第三名成员）,,,,,
,07146,,7.5,,,,
,,（团体，B 级，特等奖，其他成员）,,,,,
,07147,,7,,,,
,,（团体，B 级，一等奖，其他成员）,,,,,
,07148,,6,,,,
,,（团体，B 级，二等奖，其他成员）,,,,,
,07149,,5,,,,
,,（团体，B 级，三等奖，其他成员）,,,,,
,07150,,2.5,,,,
,,（团体，B 级，优秀奖，其他成员）,,,,,
,07151,,14,,,,
,,（个人，C 级，特等奖）,,,,,
,07152,,13,,,,
,,（个人，C 级，一等奖）,,,,,
,07153,,11,,,,
,,（个人，C 级，二等奖）,,,,,
,07154,,9,,,,
,,（个人，C 级，三等奖）,,,,,
,07155,,4.5,,,,
,,（个人，C 级，优秀奖）,,,,,
,07156,,14,,,,
,,（团体，C 级，特等奖，第一名成员）,,,,,
,07157,,13,,,,
,,（团体，C 级，一等奖，第一名成员）,,,,,
,07158,,11,,,,
,,（团体，C 级，二等奖，第一名成员）,,,,,
,07159,,9,,,,
,,（团体，C 级，三等奖，第一名成员）,,,,,
考核,代码,具体指标,分值,,,,
,,获得专业类省部级荣誉的学生,,,,,
,07160,,4.5,,,,
,,（团体，C 级，优秀奖，第一名成员）,,,,,
,07161,,12.6,,,,
,,（团体，C 级，特等奖，第二名成员）,,,,,
,07162,,11.7,,,,
,,（团体，C 级，一等奖，第二名成员）,,,,,
,07163,,9.9,,,,
,,（团体，C 级，二等奖，第二名成员）,,,,,
,07164,,8.1,,,,
,,（团体，C 级，三等奖，第二名成员）,,,,,
,07165,,4.05,,,,
,,（团体，C 级，优秀奖，第二名成员）,,,,,
,07166,,11.2,,,,
,,（团体，C 级，特等奖，第三名成员）,,,,,
,07167,,10.4,,,,
,,（团体，C 级，一等奖，第三名成员）,,,,,
,07168,,8.8,,,,
,,（团体，C 级，二等奖，第三名成员）,,,,,
,07169,,7.2,,,,
,,（团体，C 级，三等奖，第三名成员）,,,,,
,07170,,3.6,,,,
,,（团体，C 级，优秀奖，第三名成员）,,,,,
,07171,,7,,,,
,,（团体，C 级，特等奖，其他成员）,,,,,
,07172,,6.5,,,,
,,（团体，C 级，一等奖，其他成员）,,,,,
,07173,,5.5,,,,
,,（团体，C 级，二等奖，其他成员）,,,,,
,07174,,4.5,,,,
,,（团体，C 级，三等奖，其他成员）,,,,,
,07175,,2.25,,,,
,,（团体，C 级，优秀奖，其他成员）,,,,,
,,获得专业类学校级荣誉的学生,,,,,
,07176,,11,,,,
,,（个人，特等奖）,,,,,
,07177,,10,,,,
,,（个人，一等奖）,,,,,
考核,代码,具体指标,分值,,,,
,,获得专业类学校级荣誉的学生,,,,,
,07178,,8,,,,
,,（个人，二等奖）,,,,,
,07179,,6,,,,
,,（个人，三等奖）,,,,,
,07180,,3,,,,
,,（个人，优秀奖）,,,,,
,07181,,11,,,,
,,（团体，特等奖，第一名成员）,,,,,
,07182,,10,,,,
,,（团体，一等奖，第一名成员）,,,,,
,07183,,8,,,,
,,（团体，二等奖，第一名成员）,,,,,
,07184,,6,,,,
,,（团体，三等奖，第一名成员）,,,,,
,07185,,3,,,,
,,（团体，优秀奖，第一名成员）,,,,,
,07186,,9.9,,,,
,,（团体，特等奖，第二名成员）,,,,,
,07187,,9,,,,
,,（团体，一等奖，第二名成员）,,,,,
,07188,,7.2,,,,
,,（团体，二等奖，第二名成员）,,,,,
,07189,,5.4,,,,
,,（团体，三等奖，第二名成员）,,,,,
,07190,,2.7,,,,
,,（团体，优秀奖，第二名成员）,,,,,
,07191,,8.8,,,,
,,（团体，特等奖，第三名成员）,,,,,
,07192,,8,,,,
,,（团体，一等奖，第三名成员）,,,,,
,07193,,6.4,,,,
,,（团体，二等奖，第三名成员）,,,,,
,07194,,4.8,,,,
,,（团体，三等奖，第三名成员）,,,,,
,07195,,2.4,,,,
,,（团体，优秀奖，第三名成员）,,,,,
考核,代码,具体指标,分值,,,,
,,获得专业类学校级荣誉的学生,,,,,
,07196,,5.5,,,,
,,（团体，特等奖，其他成员）,,,,,
,07197,,5,,,,
,,（团体，一等奖，其他成员）,,,,,
,07198,,4,,,,
,,（团体，二等奖，其他成员）,,,,,
,07199,,3,,,,
,,（团体，三等奖，其他成员）,,,,,
,07200,,1.5,,,,
,,（团体，优秀奖，其他成员）,,,,,
,,获得专业类学院级荣誉的学生,,,,,
,07201,,8,,,,
,,（个人，特等奖）,,,,,
,07202,,7,,,,
,,（个人，一等奖）,,,,,
,07203,,5,,,,
,,（个人，二等奖）,,,,,
,07204,,3,,,,
,,（个人，三等奖）,,,,,
,07205,,1.5,,,,
,,（个人，优秀奖）,,,,,
,07206,,8,,,,
,,（团体，特等奖，第一名成员）,,,,,
,07207,,7,,,,
,,（团体，一等奖，第一名成员）,,,,,
,07208,,5,,,,
,,（团体，二等奖，第一名成员）,,,,,
,07209,,3,,,,
,,（团体，三等奖，第一名成员）,,,,,
,07210,,1.5,,,,
,,（团体，优秀奖，第一名成员）,,,,,
,07211,,7.2,,,,
,,（团体，特等奖，第二名成员）,,,,,
,07212,,6.3,,,,
,,（团体，一等奖，第二名成员）,,,,,
,07213,,4.5,,,,
,,（团体，二等奖，第二名成员）,,,,,
考核,代码,具体指标,分值,,,,
,,获得专业类学院级荣誉的学生,,,,,
,07214,,2.7,,,,
,,（团体，三等奖，第二名成员）,,,,,
,07215,,1.35,,,,
,,（团体，优秀奖，第二名成员）,,,,,
,07216,,6.4,,,,
,,（团体，特等奖，第三名成员）,,,,,
,07217,,5.6,,,,
,,（团体，一等奖，第三名成员）,,,,,
,07218,,4,,,,
,,（团体，二等奖，第三名成员）,,,,,
,07219,,2.4,,,,
,,（团体，三等奖，第三名成员）,,,,,
,07220,,1.2,,,,
,,（团体，优秀奖，第三名成员）,,,,,
,07221,,4,,,,
,,（团体，特等奖，其他成员）,,,,,
,07222,,3.5,,,,
,,（团体，一等奖，其他成员）,,,,,
,07223,,2.5,,,,
,,（团体，二等奖，其他成员）,,,,,
,07224,,1.5,,,,
,,（团体，三等奖，其他成员）,,,,,
,07225,,0.75,,,,
,,（团体，优秀奖，其他成员）,,,,,
,,在 C 类刊物公开发表与本学科相关学术论文,,,,,
,07226,,20,,,,
,,（第一作者）,,,,,
,07227,,15,,,,
,,（第二作者）,,,,,
,07228,,10,,,,
,,（其他作者）,,,,,
,,在 D 类刊物公开发表与本学科相关学术论文,,,,,
,07229,,19,,,,
,07230,,14.25,,,,
,07231,,9.5,,,,
考核,代码,具体指标,分值,,,,
,,在 E 类刊物公开发表与本学科相关学术论文,,,,,
,07232,,18,,,,
,,（第一作者）,,,,,
,07233,,13.5,,,,
,,（第二作者）,,,,,
,07234,,9,,,,
,,（其他作者）,,,,,
,,在 F 类刊物公开发表与本学科相关学术论文,,,,,
,07235,,17,,,,
,07236,,12.75,,,,
,07237,,8.5,,,,
,,在 G 类刊物公开发表与本学科相关学术论文,,,,,
,07238,,16,,,,
,07239,,12,,,,
,07240,,8,,,,
,,在 H 类刊物公开发表与本学科相关学术论文,,,,,
,07241,,8,,,,
,07242,,6,,,,
,07243,,4,,,,
,,获得国家发明专利的学生,,,,,
,07244,,16,,,,
,,（第一专利权）,,,,,
,07245,,12,,,,
,,（第二专利权）,,,,,
,07246,,8,,,,
,,（其他排名专利权）,,,,,
,,获得国家新型实用专利、外观专利的学生,,,,,
,07247,,5,,,,
,07248,,3.75,,,,
,07249,,2.5,,,,
考核,代码,具体指标,分值,,,,
,,获得特长类国家级荣誉的学生,,,,,
,08001,,20,,,,
,,（个人，A 级，特等奖）,,,,,
,08002,,19,,,,
,,（个人，A 级，一等奖）,,,,,
,08003,,17,,,,
,,（个人，A 级，二等奖）,,,,,
,08004,,15,,,,
,,（个人，A 级，三等奖）,,,,,
,08005,,7.5,,,,
,,（个人，A 级，优秀奖）,,,,,
,08006,,20,,,,
,,（团体，A 级，特等奖，第一名成员）,,,,,
,08007,,19,,,,
,,（团体，A 级，一等奖，第一名成员）,,,,,
,08008,,17,,,,
8,,（团体，A 级，二等奖，第一名成员）,,,,,
（特,,获得特长类国家级荣誉的学生,,,,,
,08009,,15,,,,
长类,,,,,,,
,,（团体，A 级，三等奖，第一名成员）,,,,,
荣誉,,获得特长类国家级荣誉的学生,,,,,
,08010,,7.5,,,,
测,,,,,,,
,,（团体，A 级，优秀奖，第一名成员）,,,,,
评）,,获得特长类国家级荣誉的学生,,,,,
,08011,,18,,,,
,,（团体，A 级，特等奖，第二名成员）,,,,,
,08012,,17.1,,,,
,,（团体，A 级，一等奖，第二名成员）,,,,,
,08013,,15.3,,,,
,,（团体，A 级，二等奖，第二名成员）,,,,,
,08014,,13.5,,,,
,,（团体，A 级，三等奖，第二名成员）,,,,,
,08015,,6.75,,,,
,,（团体，A 级，优秀奖，第二名成员）,,,,,
,08016,,16,,,,
,,（团体，A 级，特等奖，第三名成员）,,,,,
,08017,,15.2,,,,
,,（团体，A 级，一等奖，第三名成员）,,,,,
,08018,,13.6,,,,
,,（团体，A 级，二等奖，第三名成员）,,,,,
考核,代码,具体指标,分值,,,,
,,获得特长类国家级荣誉的学生,,,,,
,08019,,12,,,,
,,（团体，A 级，三等奖，第三名成员）,,,,,
,08020,,6,,,,
,,（团体，A 级，优秀奖，第三名成员）,,,,,
,08021,,10,,,,
,,（团体，A 级，特等奖，其他成员）,,,,,
,08022,,9.5,,,,
,,（团体，A 级，一等奖，其他成员）,,,,,
,08023,,8.5,,,,
,,（团体，A 级，二等奖，其他成员）,,,,,
,08024,,7.5,,,,
,,（团体，A 级，三等奖，其他成员）,,,,,
,08025,,3.75,,,,
,,（团体，A 级，优秀奖，其他成员）,,,,,
,08026,,19,,,,
,,（个人，B 级，特等奖）,,,,,
,08027,,18,,,,
,,（个人，B 级，一等奖）,,,,,
,08028,,16,,,,
,,（个人，B 级，二等奖）,,,,,
,08029,,14,,,,
,,（个人，B 级，三等奖）,,,,,
,08030,,7,,,,
,,（个人，B 级，优秀奖）,,,,,
,08031,,19,,,,
,,（团体，B 级，特等奖，第一名成员）,,,,,
,08032,,18,,,,
,,（团体，B 级，一等奖，第一名成员）,,,,,
,08033,,16,,,,
,,（团体，B 级，二等奖，第一名成员）,,,,,
,08034,,14,,,,
,,（团体，B 级，三等奖，第一名成员）,,,,,
,08035,,7,,,,
,,（团体，B 级，优秀奖，第一名成员）,,,,,
,08036,,17.1,,,,
,,（团体，B 级，特等奖，第二名成员）,,,,,
考核,代码,具体指标,分值,,,,
,,获得特长类国家级荣誉的学生,,,,,
,08037,,16.2,,,,
,,（团体，B 级，一等奖，第二名成员）,,,,,
,08038,,14.4,,,,
,,（团体，B 级，二等奖，第二名成员）,,,,,
,08039,,12.6,,,,
,,（团体，B 级，三等奖，第二名成员）,,,,,
,08040,,6.3,,,,
,,（团体，B 级，优秀奖，第二名成员）,,,,,
,08041,,15.2,,,,
,,（团体，B 级，特等奖，第三名成员）,,,,,
,08042,,14.4,,,,
,,（团体，B 级，一等奖，第三名成员）,,,,,
,08043,,12.8,,,,
,,（团体，B 级，二等奖，第三名成员）,,,,,
,08044,,11.2,,,,
,,（团体，B 级，三等奖，第三名成员）,,,,,
,08045,,5.6,,,,
,,（团体，B 级，优秀奖，第三名成员）,,,,,
,08046,,9.5,,,,
,,（团体，B 级，特等奖，其他成员）,,,,,
,08047,,9,,,,
,,（团体，B 级，一等奖，其他成员）,,,,,
,08048,,8,,,,
,,（团体，B 级，二等奖，其他成员）,,,,,
,08049,,7,,,,
,,（团体，B 级，三等奖，其他成员）,,,,,
,08050,,3.5,,,,
,,（团体，B 级，优秀奖，其他成员）,,,,,
,08051,,18,,,,
,,（个人，C 级，特等奖）,,,,,
,08052,,17,,,,
,,（个人，C 级，一等奖）,,,,,
,08053,,15,,,,
,,（个人，C 级，二等奖）,,,,,
,08054,,13,,,,
,,（个人，C 级，三等奖）,,,,,
考核,代码,具体指标,分值,,,,
,,获得特长类国家级荣誉的学生,,,,,
,08055,,6.5,,,,
,,（个人，C 级，优秀奖）,,,,,
,08056,,18,,,,
,,（团体，C 级，特等奖，第一名成员）,,,,,
,08057,,17,,,,
,,（团体，C 级，一等奖，第一名成员）,,,,,
,08058,,15,,,,
,,（团体，C 级，二等奖，第一名成员）,,,,,
,08059,,13,,,,
,,（团体，C 级，三等奖，第一名成员）,,,,,
,08060,,6.5,,,,
,,（团体，C 级，优秀奖，第一名成员）,,,,,
,08061,,16.2,,,,
,,（团体，C 级，特等奖，第二名成员）,,,,,
,08062,,15.3,,,,
,,（团体，C 级，一等奖，第二名成员）,,,,,
,08063,,13.5,,,,
,,（团体，C 级，二等奖，第二名成员）,,,,,
,08064,,11.7,,,,
,,（团体，C 级，三等奖，第二名成员）,,,,,
,08065,,5.85,,,,
,,（团体，C 级，优秀奖，第二名成员）,,,,,
,08066,,14.4,,,,
,,（团体，C 级，特等奖，第三名成员）,,,,,
,08067,,13.6,,,,
,,（团体，C 级，一等奖，第三名成员）,,,,,
,08068,,12,,,,
,,（团体，C 级，二等奖，第三名成员）,,,,,
,08069,,10.4,,,,
,,（团体，C 级，三等奖，第三名成员）,,,,,
,08070,,5.2,,,,
,,（团体，C 级，优秀奖，第三名成员）,,,,,
,08071,,9,,,,
,,（团体，C 级，特等奖，其他成员）,,,,,
,08072,,8.5,,,,
,,（团体，C 级，一等奖，其他成员）,,,,,
考核,代码,具体指标,分值,,,,
,,获得特长类国家级荣誉的学生,,,,,
,08073,,7.5,,,,
,,（团体，C 级，二等奖，其他成员）,,,,,
,08074,,6.5,,,,
,,（团体，C 级，三等奖，其他成员）,,,,,
,08075,,3.25,,,,
,,（团体，C 级，优秀奖，其他成员）,,,,,
,08076,,17,,,,
,,（个人，D 级，特等奖）,,,,,
,08077,,16,,,,
,,（个人，D 级，一等奖）,,,,,
,08078,,14,,,,
,,（个人，D 级，二等奖）,,,,,
,08079,,12,,,,
,,（个人，D 级，三等奖）,,,,,
,08080,,6,,,,
,,（个人，D 级，优秀奖）,,,,,
,08081,,17,,,,
,,（团体，D 级，特等奖，第一名成员）,,,,,
,08082,,16,,,,
,,（团体，D 级，一等奖，第一名成员）,,,,,
,08083,,14,,,,
,,（团体，D 级，二等奖，第一名成员）,,,,,
,08084,,12,,,,
,,（团体，D 级，三等奖，第一名成员）,,,,,
,08085,,6,,,,
,,（团体，D 级，优秀奖，第一名成员）,,,,,
,,获得特长类国家级荣誉的学生（团体，D,,,,,
,08086,,15.3,,,,
,,级，特等奖，第二名成员）,,,,,
,08087,,14.4,,,,
,,（团体，D 级，一等奖，第二名成员）,,,,,
,08088,,12.6,,,,
,,（团体，D 级，二等奖，第二名成员）,,,,,
,08089,,10.8,,,,
,,（团体，D 级，三等奖，第二名成员）,,,,,
,08090,,5.4,,,,
,,（团体，D 级，优秀奖，第二名成员）,,,,,
考核,代码,具体指标,分值,,,,
,,获得特长类国家级荣誉的学生,,,,,
,08091,,13.6,,,,
,,（团体，D 级，特等奖，第三名成员）,,,,,
,08092,,12.8,,,,
,,（团体，D 级，一等奖，第三名成员）,,,,,
,08093,,11.2,,,,
,,（团体，D 级，二等奖，第三名成员）,,,,,
,08094,,9.6,,,,
,,（团体，D 级，三等奖，第三名成员）,,,,,
,08095,,4.8,,,,
,,（团体，D 级，优秀奖，第三名成员）,,,,,
,08096,,8.5,,,,
,,（团体，D 级，特等奖，其他成员）,,,,,
,08097,,8,,,,
,,（团体，D 级，一等奖，其他成员）,,,,,
,08098,,7,,,,
,,（团体，D 级，二等奖，其他成员）,,,,,
,08099,,6,,,,
,,（团体，D 级，三等奖，其他成员）,,,,,
,08100,,3,,,,
,,（团体，D 级，优秀奖，其他成员）,,,,,
,,获得特长类省部级荣誉的学生,,,,,
,08101,,16,,,,
,,（个人，A 级，特等奖）,,,,,
,08102,,15,,,,
,,（个人，A 级，一等奖）,,,,,
,08103,,13,,,,
,,（个人，A 级，二等奖）,,,,,
,08104,,11,,,,
,,（个人，A 级，三等奖）,,,,,
,08105,,5.5,,,,
,,（个人，A 级，优秀奖）,,,,,
,08106,,16,,,,
,,（团体，A 级，特等奖，第一名成员）,,,,,
,08107,,15,,,,
,,（团体，A 级，一等奖，第一名成员）,,,,,
,08108,,13,,,,
,,（团体，A 级，二等奖，第一名成员）,,,,,
考核,代码,具体指标,分值,,,,
,,获得特长类省部级荣誉的学生,,,,,
,08109,,11,,,,
,,（团体，A 级，三等奖，第一名成员）,,,,,
,08110,,5.5,,,,
,,（团体，A 级，优秀奖，第一名成员）,,,,,
,08111,,14.4,,,,
,,（团体，A 级，特等奖，第二名成员）,,,,,
,08112,,13.5,,,,
,,（团体，A 级，一等奖，第二名成员）,,,,,
,08113,,11.7,,,,
,,（团体，A 级，二等奖，第二名成员）,,,,,
,08114,,9.9,,,,
,,（团体，A 级，三等奖，第二名成员）,,,,,
,08115,,4.95,,,,
,,（团体，A 级，优秀奖，第二名成员）,,,,,
,08116,,12.8,,,,
,,（团体，A 级，特等奖，第三名成员）,,,,,
,08117,,12,,,,
,,（团体，A 级，一等奖，第三名成员）,,,,,
,08118,,10.4,,,,
,,（团体，A 级，二等奖，第三名成员）,,,,,
,08119,,8.8,,,,
,,（团体，A 级，三等奖，第三名成员）,,,,,
,08120,,4.4,,,,
,,（团体，A 级，优秀奖，第三名成员）,,,,,
,08121,,8,,,,
,,（团体，A 级，特等奖，其他成员）,,,,,
,08122,,7.5,,,,
,,（团体，A 级，一等奖，其他成员）,,,,,
,08123,,6.5,,,,
,,（团体，A 级，二等奖，其他成员）,,,,,
,08124,,5.5,,,,
,,（团体，A 级，三等奖，其他成员）,,,,,
,08125,,2.75,,,,
,,（团体，A 级，优秀奖，其他成员）,,,,,
,08126,,15,,,,
,,（个人，B 级，特等奖）,,,,,
考核,代码,具体指标,分值,,,,
,,获得特长类省部级荣誉的学生,,,,,
,08127,,14,,,,
,,（个人，B 级，一等奖）,,,,,
,08128,,12,,,,
,,（个人，B 级，二等奖）,,,,,
,08129,,10,,,,
,,（个人，B 级，三等奖）,,,,,
,08130,,5,,,,
,,（个人，B 级，优秀奖）,,,,,
,08131,,15,,,,
,,（团体，B 级，特等奖，第一名成员）,,,,,
,08132,,14,,,,
,,（团体，B 级，一等奖，第一名成员）,,,,,
,08133,,12,,,,
,,（团体，B 级，二等奖，第一名成员）,,,,,
,08134,,10,,,,
,,（团体，B 级，三等奖，第一名成员）,,,,,
,08135,,5,,,,
,,（团体，B 级，优秀奖，第一名成员）,,,,,
,08136,,13.5,,,,
,,（团体，B 级，特等奖，第二名成员）,,,,,
,08137,,12.6,,,,
,,（团体，B 级，一等奖，第二名成员）,,,,,
,08138,,10.8,,,,
,,（团体，B 级，二等奖，第二名成员）,,,,,
,08139,,9,,,,
,,（团体，B 级，三等奖，第二名成员）,,,,,
,08140,,4.5,,,,
,,（团体，B 级，优秀奖，第二名成员）,,,,,
,08141,,12,,,,
,,（团体，B 级，特等奖，第三名成员）,,,,,
,08142,,11.2,,,,
,,（团体，B 级，一等奖，第三名成员）,,,,,
,08143,,9.6,,,,
,,（团体，B 级，二等奖，第三名成员）,,,,,
,08144,,8,,,,
,,（团体，B 级，三等奖，第三名成员）,,,,,
考核,代码,具体指标,分值,,,,
,,获得特长类省部级荣誉的学生,,,,,
,08145,,4,,,,
,,（团体，B 级，优秀奖，第三名成员）,,,,,
,08146,,7.5,,,,
,,（团体，B 级，特等奖，其他成员）,,,,,
,08147,,7,,,,
,,（团体，B 级，一等奖，其他成员）,,,,,
,08148,,6,,,,
,,（团体，B 级，二等奖，其他成员）,,,,,
,08149,,5,,,,
,,（团体，B 级，三等奖，其他成员）,,,,,
,08150,,2.5,,,,
,,（团体，B 级，优秀奖，其他成员）,,,,,
,08151,,14,,,,
,,（个人，C 级，特等奖）,,,,,
,08152,,13,,,,
,,（个人，C 级，一等奖）,,,,,
,08153,,11,,,,
,,（个人，C 级，二等奖）,,,,,
,08154,,9,,,,
,,（个人，C 级，三等奖）,,,,,
,08155,,4.5,,,,
,,（个人，C 级，优秀奖）,,,,,
,08156,,14,,,,
,,（团体，C 级，特等奖，第一名成员）,,,,,
,08157,,13,,,,
,,（团体，C 级，一等奖，第一名成员）,,,,,
,08158,,11,,,,
,,（团体，C 级，二等奖，第一名成员）,,,,,
,08159,,9,,,,
,,（团体，C 级，三等奖，第一名成员）,,,,,
,08160,,4.5,,,,
,,（团体，C 级，优秀奖，第一名成员）,,,,,
,08161,,12.6,,,,
,,（团体，C 级，特等奖，第二名成员）,,,,,
,08162,,11.7,,,,
,,（团体，C 级，一等奖，第二名成员）,,,,,
考核,代码,具体指标,分值,,,,
,,获得特长类省部级荣誉的学生,,,,,
,08163,,9.9,,,,
,,（团体，C 级，二等奖，第二名成员）,,,,,
,08164,,8.1,,,,
,,（团体，C 级，三等奖，第二名成员）,,,,,
,08165,,4.05,,,,
,,（团体，C 级，优秀奖，第二名成员）,,,,,
,08166,,11.2,,,,
,,（团体，C 级，特等奖，第三名成员）,,,,,
,08167,,10.4,,,,
,,（团体，C 级，一等奖，第三名成员）,,,,,
,08168,,8.8,,,,
,,（团体，C 级，二等奖，第三名成员）,,,,,
,08169,,7.2,,,,
,,（团体，C 级，三等奖，第三名成员）,,,,,
,08170,,3.6,,,,
,,（团体，C 级，优秀奖，第三名成员）,,,,,
,08171,,7,,,,
,,（团体，C 级，特等奖，其他成员）,,,,,
,08172,,6.5,,,,
,,（团体，C 级，一等奖，其他成员）,,,,,
,08173,,5.5,,,,
,,（团体，C 级，二等奖，其他成员）,,,,,
,08174,,4.5,,,,
,,（团体，C 级，三等奖，其他成员）,,,,,
,08175,,2.25,,,,
,,（团体，C 级，优秀奖，其他成员）,,,,,
,,获得特长类学校级荣誉的学生,,,,,
,08176,,11,,,,
,,（个人，特等奖）,,,,,
,08177,,10,,,,
,,（个人，一等奖）,,,,,
,08178,,8,,,,
,,（个人，二等奖）,,,,,
,08179,,6,,,,
,,（个人，三等奖）,,,,,
,08180,,3,,,,
,,（个人，优秀奖）,,,,,
考核,代码,具体指标,分值,,,,
,,获得特长类学校级荣誉的学生,,,,,
,08181,,11,,,,
,,（团体，特等奖，第一名成员）,,,,,
,08182,,10,,,,
,,（团体，一等奖，第一名成员）,,,,,
,08183,,8,,,,
,,（团体，二等奖，第一名成员）,,,,,
,08184,,6,,,,
,,（团体，三等奖，第一名成员）,,,,,
,08185,,3,,,,
,,（团体，优秀奖，第一名成员）,,,,,
,08186,,9.9,,,,
,,（团体，特等奖，第二名成员）,,,,,
,08187,,9,,,,
,,（团体，一等奖，第二名成员）,,,,,
,08188,,7.2,,,,
,,（团体，二等奖，第二名成员）,,,,,
,08189,,5.4,,,,
,,（团体，三等奖，第二名成员）,,,,,
,08190,,2.7,,,,
,,（团体，优秀奖，第二名成员）,,,,,
,08191,,8.8,,,,
,,（团体，特等奖，第三名成员）,,,,,
,08192,,8,,,,
,,（团体，一等奖，第三名成员）,,,,,
,08193,,6.4,,,,
,,（团体，二等奖，第三名成员）,,,,,
,08194,,4.8,,,,
,,（团体，三等奖，第三名成员）,,,,,
,08195,,2.4,,,,
,,（团体，优秀奖，第三名成员）,,,,,
,08196,,5.5,,,,
,,（团体，特等奖，其他成员）,,,,,
,08197,,5,,,,
,,（团体，一等奖，其他成员）,,,,,
,08198,,4,,,,
,,（团体，二等奖，其他成员）,,,,,
考核,代码,具体指标,分值,,,,
,,获得特长类学校级荣誉的学生,,,,,
,08199,,3,,,,
,,（团体，三等奖，其他成员）,,,,,
,08200,,1.5,,,,
,,（团体，优秀奖，其他成员）,,,,,
,,获得特长类学院级荣誉的学生,,,,,
,08201,,8,,,,
,,（个人，特等奖）,,,,,
,08202,,7,,,,
,,（个人，一等奖）,,,,,
,08203,,5,,,,
,,（个人，二等奖）,,,,,
,08204,,3,,,,
,,（个人，三等奖）,,,,,
,08205,,1.5,,,,
,,（个人，优秀奖）,,,,,
,08206,,8,,,,
,,（团体，特等奖，第一名成员）,,,,,
,08207,,7,,,,
,,（团体，一等奖，第一名成员）,,,,,
,08208,,5,,,,
,,（团体，二等奖，第一名成员）,,,,,
,08209,,3,,,,
,,（团体，三等奖，第一名成员）,,,,,
,08210,,1.5,,,,
,,（团体，优秀奖，第一名成员）,,,,,
,08211,,7.2,,,,
,,（团体，特等奖，第二名成员）,,,,,
,08212,,6.3,,,,
,,（团体，一等奖，第二名成员）,,,,,
,08213,,4.5,,,,
,,（团体，二等奖，第二名成员）,,,,,
,08214,,2.7,,,,
,,（团体，三等奖，第二名成员）,,,,,
,08215,,1.35,,,,
,,（团体，优秀奖，第二名成员）,,,,,
,08216,,6.4,,,,
,,（团体，特等奖，第三名成员）,,,,,
考核,代码,具体指标,分值,,,,
,,获得特长类学院级荣誉的学生,,,,,
,08217,,5.6,,,,
,,（团体，一等奖，第三名成员）,,,,,
,08218,,4,,,,
,,（团体，二等奖，第三名成员）,,,,,
,08219,,2.4,,,,
,,（团体，三等奖，第三名成员）,,,,,
,08220,,1.2,,,,
,,（团体，优秀奖，第三名成员）,,,,,
,08221,,4,,,,
,,（团体，特等奖，其他成员）,,,,,
,08222,,3.5,,,,
,,（团体，一等奖，其他成员）,,,,,
,08223,,2.5,,,,
,,（团体，二等奖，其他成员）,,,,,
,08224,,1.5,,,,
,,（团体，三等奖，其他成员）,,,,,
,08225,,0.75,,,,
,,（团体，优秀奖，其他成员）,,,,,
,,担任学生党支部书记、副书记，考核优秀的,,,,,
,09001,,15,,,,
,,学生,,,,,
,,担任学生党支部书记、副书记，考核合格的,,,,,
,09002,,9,,,,
,09003,担任学生党支部支委，考核优秀的学生,8,,,,
,09004,担任学生党支部支委，考核合格的学生,4.8,,,,
,,担任学院团委学生副书记，考核优秀的学生,,,,,
9,09005,,15,,,,
（学,,,,,,,
,09006,担任学院团委学生副书记，考核合格的学生,9,,,,
生服,,,,,,,
,,担任学校学生会主席团成员，考核优秀的学,,,,,
务测,,,,,,,
,09007,,15,,,,
,,生,,,,,
评）,,,,,,,
,,担任学院学生会主席团成员，考核优秀的学,,,,,
,09008,,13,,,,
,,担任学校学生会主席团成员，考核合格的学,,,,,
,09009,,9,,,,
,,担任学院学生会主席团成员，考核合格的学,,,,,
,09010,,7.8,,,,
,09011,担任学校学生会部门负责同学，考核优秀的,10,,,,
考核,代码,具体指标,分值,,,,
,,学生,,,,,
,,担任学院学生会部门负责同学，考核优秀的,,,,,
,09012,,8,,,,
,,担任学校学生会部门负责同学，考核合格的,,,,,
,09013,,6,,,,
,,担任学院学生会部门负责同学，考核合格的,,,,,
,09014,,4.8,,,,
,09015,担任学校学生会部门成员，考核优秀的学生,5,,,,
,09016,担任学院学生会部门成员，考核优秀的学生,4,,,,
,09017,担任学校学生会部门成员，考核合格的学生,3,,,,
,09018,担任学院学生会部门成员，考核合格的学生,2.4,,,,
,,担任学校职能部门、学院学生团队主管、副,,,,,
,09019,,11,,,,
,,主管，考核优秀的学生,,,,,
,09020,,6.6,,,,
,,主管，考核合格的学生,,,,,
,,担任学校职能部门、学院学生团队部长、副,,,,,
,09021,,7,,,,
,,部长，考核优秀的学生,,,,,
,09022,,4.2,,,,
,,部长，考核合格的学生,,,,,
,,担任学校职能部门、学院学生团队干事，考,,,,,
,09023,,3,,,,
,,核优秀的学生,,,,,
,09024,,1.8,,,,
,,核合格的学生,,,,,
,,担任学生社团负责人（会长团），考核优秀,,,,,
,09025,,8,,,,
,,的学生,,,,,
,,担任学生社团负责人（会长团），考核合格,,,,,
,09026,,4.8,,,,
,,担任学生社团部门负责人（部长团），考核,,,,,
,09027,,7,,,,
,,优秀的学生,,,,,
,09028,,4.2,,,,
,,合格的学生,,,,,
,,担任班级班长、团支部书记，考核优秀的学,,,,,
,09029,,11,,,,
,,生,,,,,
,,担任班级班长、团支部书记，考核合格的学,,,,,
,09030,,6.6,,,,
考核,代码,具体指标,分值,,,,
,,担任班级班委（不含班长、团支部书记），,,,,,
,09031,,5.5,,,,
,,考核优秀的学生,,,,,
,09032,,1.8,,,,
,,考核合格的学生,,,,,
,,担任楼栋长、楼层长、寝室长，考核优秀的,,,,,
,09033,,6,,,,
,,学生,,,,,
,,担任楼栋长、楼层长、寝室长，考核合格的,,,,,
,09034,,3.6,,,,
,,参与三困生帮扶的学生,,,,,
,09035,（学业困难、经济困难、心理困扰，每人,5,,,,
,,次）,,,,,
,10001,获得国家级社会实践、志愿服务先进个人,18,,,,
,,获得国家级社会实践、志愿服务优秀团队,,,,,
,10002,,18,,,,
,,（第一名成员）,,,,,
,10003,,16.2,,,,
,,（第二名成员）,,,,,
,10004,,14.4,,,,
,,（第三名成员）,,,,,
,10005,,9,,,,
,,（其他成员）,,,,,
,10006,获得省部级社会实践、志愿服务先进个人,10,,,,
10,,,,,,,
,,获得省部级社会实践、志愿服务优秀团队,,,,,
（参,,,,,,,
,10007,,10,,,,
与活,,,,,,,
动测,,,,,,,
,10008,,9,,,,
评）,,,,,,,
,10009,,8,,,,
,10010,,5,,,,
,10011,获得学校级社会实践、志愿服务先进个人,6,,,,
,,获得学校级社会实践、志愿服务优秀团队,,,,,
,10012,,6,,,,
,10013,,5.4,,,,
,10014,获得学校级社会实践、志愿服务优秀团队,4.8,,,,
考核,代码,具体指标,分值,,,,
,,（第三名成员）,,,,,
,,获得学校级社会实践、志愿服务优秀团队,,,,,
,10015,,3,,,,
,,（其他成员）,,,,,
,10016,获得学院级社会实践、志愿服务先进个人,4,,,,
,,获得学院级社会实践、志愿服务优秀团队,,,,,
,10017,,4,,,,
,,（第一名成员）,,,,,
,10018,,3.6,,,,
,,（第二名成员）,,,,,
,10019,,3.2,,,,
,10020,,2,,,,
,,参加国外、港澳台对外文化交流活动或国家,,,,,
,10021,,6,,,,
,,级志愿者服务,,,,,
,,参加省部级社会实践、志愿服务、公益活动,,,,,
,10022,,4,,,,
,,（每 5 个小时）,,,,,
,,参加学校级社会实践、志愿服务、公益活动,,,,,
,10023,,2,,,,
,,参加学院级社会实践、志愿服务、公益活动,,,,,
,10024,,1.5,,,,
,10025,参加国家级专业类、特长类竞赛未获奖,6,,,,
,10026,参加省部级专业类、特长类竞赛未获奖,4,,,,
,10027,参加学校级专业类、特长类竞赛未获奖,2,,,,
,10028,参加学院级专业类、特长类竞赛未获奖,1.5,,,,
,,参加学校校运会、南湖杯等学校重要活动的,,,,,
,10029,,3,,,,
,,学生（每次）,,,,,
,,参加学院运动会、迎新晚会等重要活动的学,,,,,
,10030,,3,,,,
,,生（每次）,,,,,
